{
  "artifact_path": "C:\\Users\\lenovo\\Desktop\\Data Factz Projects\\Movie Recommendation System\\artifacts\\model_registry.json",
  "cache_benchmark": {
    "cache_speedup_x": 10473.70594960918,
    "cold_request_ms": 14.66329998220317,
    "result_count": 10.0,
    "user_id": 1.0,
    "warm_request_ms": 0.001400010660290718
  },
  "comparison": {
    "graph": {
      "coverage": 0.007595976185588175,
      "ms_per_req": 38.194952131111606,
      "ndcg@10": 0.06937584732333223,
      "precision@10": 0.05852459016393443,
      "recall@10": 0.03290711739776021
    },
    "item_cf": {
      "coverage": 0.07678094847053993,
      "ms_per_req": 0.8037355737989677,
      "ndcg@10": 0.08115056910250426,
      "precision@10": 0.07360655737704917,
      "recall@10": 0.04143383245057894
    },
    "mf": {
      "coverage": 0.06333401765551222,
      "ms_per_req": 1.1604959016368097,
      "ndcg@10": 0.08359115166076456,
      "precision@10": 0.07540983606557378,
      "recall@10": 0.04400613147285067
    },
    "popularity": {
      "coverage": 0.0074933278587559025,
      "ms_per_req": 0.0869242622818584,
      "ndcg@10": 0.0705687216665185,
      "precision@10": 0.05770491803278688,
      "recall@10": 0.03406496070605184
    }
  },
  "winner": {
    "method": "mf",
    "rule": "best ndcg@10 under 10ms"
  }
}