threshold,purity,clustered_ratio,largest_component_ratio,num_clusters,num_non_singleton_clusters,largest_cluster_size,selection_score
0.5,0.28918637899662075,0.7897762266475057,0.7806405255594334,2086.0,38.0,7605.0,0.05010006473314111
0.6,0.3012899262899263,0.6684459043317594,0.644939437487169,3315.0,85.0,6283.0,0.07150778317082473
0.7,0.32901223297425597,0.5622048860603572,0.4973311435023609,4434.0,169.0,4845.0,0.0929798069604543
0.8,0.384906500445236,0.4610962841305687,0.310613836994457,5550.0,300.0,3026.0,0.12235153724456826
