{
  "baseline_metrics": {
    "coverage": 0.0074933278587559025,
    "ndcg@10": 0.0705687216665185,
    "precision@10": 0.05770491803278688,
    "recall@10": 0.03406496070605184
  },
  "neighbor_runtime_seconds": 27.624071836471558,
  "selected_threshold": 4.0,
  "similarity_memory_mb": 124.29804229736328,
  "similarity_runtime_seconds": 0.41417860984802246,
  "test_metrics": {
    "coverage": 0.07678094847053993,
    "ndcg@10": 0.08115056910250426,
    "precision@10": 0.07360655737704917,
    "recall@10": 0.04143383245057894
  },
  "validation_sweep": [
    {
      "coverage": 0.07421474029973311,
      "ndcg@10": 0.13990802958356205,
      "precision@10": 0.12196721311475411,
      "recall@10": 0.08477839377351791,
      "threshold": 0.0
    },
    {
      "coverage": 0.0716485321289263,
      "ndcg@10": 0.14218727048401164,
      "precision@10": 0.12344262295081969,
      "recall@10": 0.08487727145607392,
      "threshold": 3.0
    },
    {
      "coverage": 0.07246971874358447,
      "ndcg@10": 0.14555690112683825,
      "precision@10": 0.12622950819672132,
      "recall@10": 0.08610159268338664,
      "threshold": 3.5
    },
    {
      "coverage": 0.07678094847053993,
      "ndcg@10": 0.1461062570199705,
      "precision@10": 0.12622950819672132,
      "recall@10": 0.08513992923564107,
      "threshold": 4.0
    }
  ]
}