{
  "brute_force_runtime_seconds": null,
  "k": 20,
  "num_perm": 128,
  "optimized_exact_memory_mb": 301.19231033325195,
  "optimized_exact_runtime_seconds": 4.592326899990439,
  "rows": [
    {
      "all_pairs": 47273226.0,
      "build_seconds": 3.746252699987963,
      "candidate_pairs": 458435.0,
      "comparisons_pct": 0.9697561152268305,
      "pair_reduction_x": 103.11871039514871,
      "peak_memory_mb": 217.53892517089844,
      "query_seconds": 6.147808300011093,
      "recall": 0.4933103661044838,
      "runtime_seconds": 12.918094199994812,
      "runtime_speedup_vs_optimized_exact": 0.12773178912345065,
      "score_recall_per_second": 0.013721021396756695,
      "signature_seconds": 23.03479529998731,
      "similarity_eval_seconds": 3.024033199995756,
      "threshold": 0.5,
      "threshold_runtime_score": 0.03818754984033805,
      "total_lsh_seconds": 35.95288949998212
    },
    {
      "all_pairs": 47273226.0,
      "build_seconds": 5.3656525000114925,
      "candidate_pairs": 1390627.0,
      "comparisons_pct": 2.9416799268152336,
      "pair_reduction_x": 33.994181042076704,
      "peak_memory_mb": 557.6660861968994,
      "query_seconds": 10.74661840000772,
      "recall": 0.8229843685726038,
      "runtime_seconds": 26.154651400021976,
      "runtime_speedup_vs_optimized_exact": 0.09336000317298898,
      "score_recall_per_second": 0.01673091331138003,
      "signature_seconds": 23.03479529998731,
      "similarity_eval_seconds": 10.042380500002764,
      "threshold": 0.3,
      "threshold_runtime_score": 0.03146608058297089,
      "total_lsh_seconds": 49.189446700009285
    },
    {
      "all_pairs": 47273226.0,
      "build_seconds": 5.438084499997785,
      "candidate_pairs": 3170842.0,
      "comparisons_pct": 6.707479620705387,
      "pair_reduction_x": 14.908729605574797,
      "peak_memory_mb": 1154.7115516662598,
      "query_seconds": 15.885953599994536,
      "recall": 0.9481437679967092,
      "runtime_seconds": 48.601136099983705,
      "runtime_speedup_vs_optimized_exact": 0.06410647297024322,
      "score_recall_per_second": 0.013235589312057061,
      "signature_seconds": 23.03479529998731,
      "similarity_eval_seconds": 27.277097999991383,
      "threshold": 0.2,
      "threshold_runtime_score": 0.019508674983361698,
      "total_lsh_seconds": 71.63593139997101
    }
  ],
  "selected_threshold": 0.3,
  "selection_rule": "max(recall / total_lsh_seconds)"
}