{
  "brute_force_runtime_seconds": null,
  "k": 20,
  "num_perm": 128,
  "optimized_exact_memory_mb": 301.19231033325195,
  "optimized_exact_runtime_seconds": 4.482407199975569,
  "rows": [
    {
      "all_pairs": 47273226.0,
      "build_seconds": 4.4293576999916695,
      "candidate_pairs": 458435.0,
      "comparisons_pct": 0.9697561152268305,
      "pair_reduction_x": 103.11871039514871,
      "peak_memory_mb": 217.53892517089844,
      "query_seconds": 8.50833949999651,
      "recall": 0.4933103661044838,
      "runtime_seconds": 16.388501799985534,
      "runtime_speedup_vs_optimized_exact": 0.07423621370068374,
      "score_recall_per_second": 0.008170050627951562,
      "signature_seconds": 43.991829800012056,
      "similarity_eval_seconds": 3.4508045999973547,
      "threshold": 0.5,
      "threshold_runtime_score": 0.03010100448016055,
      "total_lsh_seconds": 60.38033159999759
    },
    {
      "all_pairs": 47273226.0,
      "build_seconds": 6.115054800000507,
      "candidate_pairs": 1390627.0,
      "comparisons_pct": 2.9416799268152336,
      "pair_reduction_x": 33.994181042076704,
      "peak_memory_mb": 557.6660861968994,
      "query_seconds": 13.414183599990793,
      "recall": 0.8229843685726038,
      "runtime_seconds": 32.05378970000311,
      "runtime_speedup_vs_optimized_exact": 0.058943660784756644,
      "score_recall_per_second": 0.010822245567641667,
      "signature_seconds": 43.991829800012056,
      "similarity_eval_seconds": 12.524551300011808,
      "threshold": 0.3,
      "threshold_runtime_score": 0.025675103514281934,
      "total_lsh_seconds": 76.04561950001516
    },
    {
      "all_pairs": 47273226.0,
      "build_seconds": 5.390562300017336,
      "candidate_pairs": 3170842.0,
      "comparisons_pct": 6.707479620705387,
      "pair_reduction_x": 14.908729605574797,
      "peak_memory_mb": 1154.7115516662598,
      "query_seconds": 19.848862499988172,
      "recall": 0.9481437679967092,
      "runtime_seconds": 59.325377500004834,
      "runtime_speedup_vs_optimized_exact": 0.04338490477156786,
      "score_recall_per_second": 0.009177017002051256,
      "signature_seconds": 43.991829800012056,
      "similarity_eval_seconds": 34.085952699999325,
      "threshold": 0.2,
      "threshold_runtime_score": 0.015982094138324396,
      "total_lsh_seconds": 103.31720730001689
    }
  ],
  "selected_threshold": 0.3,
  "selection_rule": "max(recall / total_lsh_seconds)"
}
