{
  "brute_force_runtime_seconds": null,
  "k": 20,
  "num_perm": 128,
  "optimized_exact_memory_mb": 301.19231033325195,
  "optimized_exact_runtime_seconds": 11.352909700013697,
  "rows": [
    {
      "all_pairs": 47273226.0,
      "build_seconds": 6.641709199990146,
      "candidate_pairs": 458435.0,
      "comparisons_pct": 0.9697561152268305,
      "pair_reduction_x": 103.11871039514871,
      "peak_memory_mb": 217.53892517089844,
      "query_seconds": 11.738444900023751,
      "recall": 0.4933103661044838,
      "runtime_seconds": 22.954804100008914,
      "runtime_speedup_vs_optimized_exact": 0.19256003538958522,
      "score_recall_per_second": 0.0083671819881571,
      "signature_seconds": 36.002962900005514,
      "similarity_eval_seconds": 4.574649999995017,
      "threshold": 0.5,
      "threshold_runtime_score": 0.02149050647329603,
      "total_lsh_seconds": 58.95776700001443
    },
    {
      "all_pairs": 47273226.0,
      "build_seconds": 7.806001399992965,
      "candidate_pairs": 1390627.0,
      "comparisons_pct": 2.9416799268152336,
      "pair_reduction_x": 33.994181042076704,
      "peak_memory_mb": 557.6660861968994,
      "query_seconds": 15.909530700009782,
      "recall": 0.8229843685726038,
      "runtime_seconds": 37.1507694000029,
      "runtime_speedup_vs_optimized_exact": 0.15519248769775199,
      "score_recall_per_second": 0.011250066711531398,
      "signature_seconds": 36.002962900005514,
      "similarity_eval_seconds": 13.435237300000153,
      "threshold": 0.3,
      "threshold_runtime_score": 0.022152552473719146,
      "total_lsh_seconds": 73.15373230000841
    },
    {
      "all_pairs": 47273226.0,
      "build_seconds": 6.1362487000005785,
      "candidate_pairs": 3170842.0,
      "comparisons_pct": 6.707479620705387,
      "pair_reduction_x": 14.908729605574797,
      "peak_memory_mb": 1154.7115516662598,
      "query_seconds": 21.833603999984916,
      "recall": 0.9481437679967092,
      "runtime_seconds": 64.89615419995971,
      "runtime_speedup_vs_optimized_exact": 0.11251743351496195,
      "score_recall_per_second": 0.00939694811261174,
      "signature_seconds": 36.002962900005514,
      "similarity_eval_seconds": 36.926301499974215,
      "threshold": 0.2,
      "threshold_runtime_score": 0.014610168810238956,
      "total_lsh_seconds": 100.89911709996522
    }
  ],
  "selected_threshold": 0.3,
  "selection_rule": "max(recall / total_lsh_seconds)"
}