lambda,precision@10,recall@10,ndcg@10,coverage,diversity,novelty,utility
0.3,0.11180327868852459,0.07651426161577592,0.12648817639818077,0.06887702730445494,0.8213252455156721,0.01711680054392369,0.9478134219138529
0.5,0.1181967213114754,0.08230322682800781,0.13337369920542413,0.06497639088482858,0.7859285150896029,0.01504081952066725,0.9193022142950271
0.7,0.12295081967213115,0.08476071617490961,0.13864377864566121,0.0641552042701704,0.7386731821272726,0.013772746932435322,0.8773169607729339
